ApplicantIncome,CoapplicantIncome,LoanAmount,Loan_Amount_Term,Credit_History,Dependents,Property_area_Semiurban,Property_area_Urban,Property_area_Rural,Gender,Married,Education,Self_Employed,Loan_Status
11146.0,0.0,136.0,360.0,1.0,0.0,0.0,0.0,1.0,1,1,0,0,1
6216.0,0.0,133.0,360.0,1.0,0.0,1.0,0.0,0.0,1,0,1,0,0
7578.0,1010.0,175.0,360.0,1.0,0.0,0.0,1.0,0.0,1,1,0,0,1
8334.0,0.0,160.0,360.0,1.0,0.0,0.0,1.0,0.0,1,1,0,0,0
12000.0,0.0,164.0,360.0,1.0,0.0,0.0,1.0,0.0,1,0,0,0,0
11000.0,0.0,83.0,360.0,1.0,0.0,0.0,0.0,1.0,1,0,0,1,0
9323.0,0.0,75.0,180.0,1.0,0.0,0.0,0.0,1.0,1,1,0,0,1
7085.0,0.0,84.0,360.0,1.0,0.0,0.0,1.0,0.0,1,0,0,1,1
15759.0,0.0,55.0,360.0,1.0,0.0,0.0,1.0,0.0,0,0,0,1,1
6822.0,0.0,141.0,360.0,1.0,0.0,1.0,0.0,0.0,1,0,0,1,1
7142.0,0.0,138.0,360.0,1.0,0.0,1.0,0.0,0.0,0,1,1,1,1
6250.0,0.0,128.0,360.0,1.0,0.0,0.0,1.0,0.0,1,1,0,0,1
6783.0,0.0,130.0,360.0,1.0,0.0,0.0,1.0,0.0,1,0,1,0,1
5821.0,0.0,144.0,360.0,1.0,0.0,0.0,0.0,1.0,1,1,0,0,1
5316.0,0.0,136.0,360.0,1.0,0.0,0.0,0.0,1.0,1,0,0,0,1
6000.0,0.0,141.0,360.0,1.0,0.0,0.0,0.0,1.0,1,0,0,0,1
20667.0,0.0,128.0,360.0,1.0,0.0,1.0,0.0,0.0,1,1,0,0,0
6406.0,0.0,150.0,360.0,1.0,3.0,0.0,1.0,0.0,1,1,0,0,0
6256.0,0.0,160.0,360.0,1.0,0.0,0.0,0.0,1.0,1,1,0,2,1
4160.0,0.0,71.0,360.0,1.0,0.0,0.0,1.0,0.0,0,0,0,0,1
6608.0,0.0,137.0,180.0,1.0,1.0,0.0,0.0,1.0,1,1,1,0,1
14880.0,0.0,96.0,360.0,1.0,0.0,0.0,1.0,0.0,1,1,0,0,1
7200.0,0.0,120.0,360.0,1.0,0.0,1.0,0.0,0.0,0,0,0,0,1
6950.0,0.0,175.0,180.0,1.0,0.0,0.0,1.0,0.0,1,0,0,1,1
3858.0,0.0,76.0,360.0,1.0,0.0,0.0,1.0,0.0,1,0,0,0,1
4600.0,0.0,73.0,180.0,1.0,0.0,0.0,1.0,0.0,1,1,0,0,1
5829.0,0.0,138.0,360.0,1.0,0.0,1.0,0.0,0.0,1,1,0,0,1
4583.0,0.0,84.0,360.0,1.0,0.0,1.0,0.0,0.0,0,1,0,0,0
4300.0,0.0,136.0,360.0,0.0,0.0,0.0,1.0,0.0,0,0,0,0,0
4344.0,736.0,87.0,360.0,1.0,0.0,0.0,1.0,0.0,1,1,1,1,0
6782.0,0.0,128.0,360.0,1.0,0.0,0.0,0.0,1.0,1,0,0,2,0
4887.0,0.0,133.0,360.0,1.0,0.0,1.0,0.0,0.0,1,1,1,0,0
7660.0,0.0,104.0,360.0,0.0,0.0,0.0,0.0,1.0,1,1,1,0,0
5000.0,0.0,132.0,360.0,1.0,0.0,1.0,0.0,0.0,0,0,0,0,1
13262.0,0.0,40.0,360.0,1.0,1.0,0.0,0.0,1.0,0,0,0,0,1
7167.0,0.0,128.0,360.0,1.0,0.0,0.0,0.0,1.0,1,0,0,1,1
6277.0,0.0,118.0,360.0,0.0,0.0,1.0,0.0,0.0,1,0,0,0,0
18165.0,0.0,125.0,360.0,1.0,0.0,0.0,0.0,1.0,0,0,1,1,1
6325.0,0.0,175.0,360.0,1.0,1.0,0.0,1.0,0.0,1,1,0,0,1
4885.0,0.0,48.0,360.0,1.0,0.0,1.0,0.0,0.0,1,0,1,0,1
14866.0,0.0,70.0,360.0,1.0,2.0,0.0,0.0,1.0,0,1,0,0,1
6500.0,0.0,105.0,360.0,0.0,0.0,1.0,0.0,0.0,1,0,0,0,0
3667.0,1459.0,144.0,360.0,1.0,0.0,0.0,1.0,0.0,0,1,0,0,1
4310.0,0.0,130.0,360.0,1.0,0.0,0.0,1.0,0.0,1,1,0,0,1
3600.0,0.0,80.0,360.0,1.0,0.0,0.0,0.0,1.0,1,0,0,0,0
4350.0,0.0,154.0,360.0,1.0,0.0,1.0,0.0,0.0,0,0,1,0,1
4301.0,0.0,118.0,360.0,1.0,0.0,0.0,0.0,1.0,1,1,0,0,1
3103.0,1300.0,80.0,360.0,1.0,0.0,0.0,0.0,1.0,1,1,0,0,1
6417.0,0.0,157.0,180.0,1.0,3.0,1.0,0.0,0.0,1,1,0,0,1
6033.0,0.0,160.0,360.0,1.0,0.0,0.0,0.0,1.0,1,1,1,0,0
5417.0,0.0,168.0,360.0,1.0,0.0,0.0,0.0,1.0,1,0,0,0,1
3237.0,0.0,30.0,360.0,1.0,0.0,0.0,0.0,1.0,0,0,0,0,1
3167.0,0.0,74.0,360.0,1.0,0.0,0.0,0.0,1.0,1,0,0,0,0
3069.0,0.0,71.0,480.0,1.0,0.0,0.0,0.0,1.0,1,0,0,0,0
2995.0,0.0,60.0,360.0,1.0,0.0,0.0,0.0,1.0,0,0,0,0,1
3244.0,0.0,80.0,360.0,1.0,0.0,0.0,0.0,1.0,0,0,0,0,1
4547.0,0.0,115.0,360.0,1.0,0.0,0.0,1.0,0.0,0,0,0,0,1
3333.0,0.0,70.0,360.0,1.0,0.0,0.0,0.0,1.0,1,0,0,0,1
3254.0,0.0,50.0,360.0,1.0,0.0,0.0,0.0,1.0,1,0,0,0,1
4408.0,0.0,120.0,360.0,1.0,0.0,0.0,1.0,0.0,0,0,1,0,1
5849.0,0.0,128.0,360.0,1.0,0.0,0.0,0.0,1.0,1,0,0,0,1
3246.0,1417.0,138.0,360.0,1.0,0.0,0.0,1.0,0.0,1,1,0,0,1
16525.0,1014.0,150.0,360.0,1.0,2.0,1.0,0.0,0.0,1,1,0,1,1
3410.0,0.0,88.0,360.0,1.0,0.0,0.0,0.0,1.0,0,0,0,0,1
3620.0,0.0,25.0,120.0,1.0,0.0,0.0,1.0,0.0,1,0,1,0,1
4188.0,0.0,115.0,180.0,1.0,0.0,0.0,1.0,0.0,1,1,1,0,1
7333.0,0.0,120.0,360.0,1.0,0.0,1.0,0.0,0.0,1,0,1,2,0
4124.0,0.0,115.0,360.0,1.0,0.0,0.0,1.0,0.0,0,0,0,0,1
4133.0,0.0,122.0,360.0,1.0,0.0,0.0,1.0,0.0,1,0,0,0,1
4230.0,0.0,112.0,360.0,1.0,0.0,0.0,1.0,0.0,0,0,0,0,0
4708.0,1387.0,150.0,360.0,1.0,2.0,0.0,1.0,0.0,1,1,0,0,1
4950.0,0.0,125.0,360.0,1.0,0.0,0.0,0.0,1.0,1,0,0,0,1
3166.0,0.0,36.0,360.0,1.0,0.0,0.0,1.0,0.0,0,1,0,0,1
9328.0,0.0,188.0,180.0,1.0,0.0,1.0,0.0,0.0,1,1,0,0,1
4467.0,0.0,120.0,360.0,1.0,0.0,1.0,0.0,0.0,1,1,1,0,1
4191.0,0.0,120.0,360.0,1.0,0.0,1.0,0.0,0.0,1,0,0,0,1
3814.0,1483.0,124.0,300.0,1.0,0.0,0.0,1.0,0.0,1,1,1,0,1
2917.0,0.0,84.0,360.0,1.0,0.0,0.0,1.0,0.0,0,0,0,0,1
3180.0,0.0,71.0,360.0,0.0,0.0,0.0,0.0,1.0,0,0,0,0,0
4860.0,830.0,125.0,360.0,1.0,0.0,0.0,1.0,0.0,1,1,0,0,1
3510.0,0.0,76.0,360.0,0.0,0.0,0.0,0.0,1.0,0,0,0,0,0
5800.0,0.0,132.0,360.0,1.0,0.0,0.0,1.0,0.0,1,0,1,1,1
4100.0,0.0,124.0,360.0,1.0,0.0,1.0,0.0,0.0,0,1,1,0,1
4166.0,0.0,116.0,360.0,0.0,0.0,0.0,1.0,0.0,0,0,0,0,0
3539.0,1376.0,55.0,360.0,1.0,0.0,1.0,0.0,0.0,1,1,0,2,0
5488.0,0.0,125.0,360.0,1.0,0.0,1.0,0.0,0.0,1,1,0,0,1
4666.0,0.0,135.0,360.0,1.0,1.0,0.0,0.0,1.0,0,1,0,0,1
2917.0,536.0,66.0,360.0,1.0,0.0,1.0,0.0,0.0,1,1,1,0,0
4616.0,0.0,134.0,360.0,1.0,2.0,0.0,0.0,1.0,1,1,0,0,0
2920.0,16.12000084,87.0,360.0,1.0,0.0,1.0,0.0,0.0,1,1,0,0,1
3716.0,0.0,42.0,180.0,1.0,0.0,1.0,0.0,0.0,1,1,0,2,1
3927.0,800.0,112.0,360.0,1.0,0.0,0.0,1.0,0.0,1,1,0,0,1
7740.0,0.0,128.0,180.0,1.0,3.0,0.0,0.0,1.0,1,1,0,0,1
4354.0,0.0,136.0,360.0,1.0,2.0,1.0,0.0,0.0,1,0,0,0,1
4554.0,1229.0,158.0,360.0,1.0,1.0,0.0,0.0,1.0,1,1,1,0,1
3459.0,0.0,25.0,120.0,1.0,0.0,0.0,1.0,0.0,1,1,0,1,1
5468.0,1032.0,26.0,360.0,1.0,1.0,0.0,1.0,0.0,1,1,0,0,1
3846.0,0.0,111.0,360.0,1.0,0.0,0.0,1.0,0.0,0,0,0,0,1
3865.0,1640.0,128.0,360.0,1.0,0.0,1.0,0.0,0.0,1,0,0,0,1
3875.0,0.0,67.0,360.0,1.0,1.0,0.0,0.0,1.0,1,1,0,0,0
4166.0,0.0,98.0,360.0,0.0,0.0,0.0,1.0,0.0,1,0,0,0,0
4167.0,1447.0,158.0,360.0,1.0,2.0,1.0,0.0,0.0,1,1,0,0,1
8300.0,0.0,152.0,300.0,0.0,1.0,0.0,1.0,0.0,1,1,0,0,0
9703.0,0.0,112.0,360.0,1.0,2.0,0.0,0.0,1.0,1,1,0,0,1
6125.0,1625.0,187.0,480.0,1.0,2.0,0.0,1.0,0.0,1,1,1,0,0
4006.0,1526.0,168.0,360.0,1.0,2.0,0.0,0.0,1.0,1,1,0,0,1
4895.0,0.0,102.0,360.0,1.0,0.0,0.0,1.0,0.0,1,0,0,0,1
4583.0,0.0,133.0,360.0,0.0,0.0,0.0,1.0,0.0,0,0,0,1,0
4606.0,0.0,81.0,360.0,1.0,1.0,1.0,0.0,0.0,0,0,1,0,0
5935.0,0.0,133.0,360.0,1.0,2.0,0.0,1.0,0.0,1,1,0,0,1
3750.0,0.0,113.0,480.0,1.0,0.0,0.0,0.0,1.0,1,0,0,0,0
5649.0,0.0,44.0,360.0,1.0,1.0,0.0,0.0,1.0,1,1,0,0,1
3500.0,1083.0,135.0,360.0,1.0,1.0,0.0,0.0,1.0,1,1,1,0,1
3153.0,1560.0,134.0,360.0,1.0,2.0,0.0,0.0,1.0,1,1,0,0,1
2346.0,1600.0,132.0,360.0,1.0,0.0,0.0,1.0,0.0,1,0,1,0,1
2400.0,0.0,75.0,360.0,1.0,0.0,0.0,0.0,1.0,1,1,0,0,1
1800.0,1213.0,47.0,360.0,1.0,0.0,0.0,0.0,1.0,1,0,0,0,1
3418.0,0.0,127.0,360.0,1.0,0.0,0.0,1.0,0.0,1,0,0,0,0
3833.0,0.0,110.0,360.0,1.0,0.0,1.0,0.0,0.0,1,0,1,0,1
1442.0,0.0,35.0,360.0,1.0,0.0,0.0,0.0,1.0,1,0,1,0,0
17070.798725436645,40.03336320886096,160.20168076885244,355.8976432525523,0.9867577403197112,1.03467034717091,0.03911161620054321,0.8936138354552825,0.0689701325137657,0,1,0,2,1
3988.0,0.0,50.0,240.0,1.0,1.0,0.0,0.0,1.0,1,1,0,0,1
6045.0,0.0,115.0,360.0,0.0,0.0,1.0,0.0,0.0,1,0,1,0,0
3987.0,1411.0,157.0,360.0,1.0,2.0,1.0,0.0,0.0,1,1,1,0,1
3250.0,0.0,170.0,360.0,1.0,0.0,1.0,0.0,0.0,1,1,0,0,0
2435.0,0.0,75.0,360.0,1.0,0.0,0.0,0.0,1.0,1,0,0,0,0
2479.0,0.0,59.0,360.0,1.0,0.0,0.0,0.0,1.0,1,0,0,0,1
2500.0,0.0,67.0,360.0,1.0,0.0,0.0,0.0,1.0,0,0,0,0,1
10833.0,0.0,234.0,360.0,1.0,0.0,0.0,1.0,0.0,1,1,0,0,1
14583.0,0.0,436.0,360.0,1.0,0.0,0.0,1.0,0.0,1,1,0,0,1
3900.0,0.0,90.0,360.0,1.0,2.0,0.0,1.0,0.0,1,1,0,0,1
4917.0,0.0,130.0,360.0,0.0,0.0,1.0,0.0,0.0,1,0,0,0,1
3086.0,0.0,120.0,360.0,1.0,0.0,0.0,1.0,0.0,0,0,0,0,1
7933.0,0.0,275.0,360.0,1.0,0.0,0.0,0.0,1.0,1,1,0,0,0
2667.0,1625.0,84.0,360.0,1.0,0.0,0.0,0.0,1.0,0,0,0,0,1
8566.0,0.0,210.0,360.0,1.0,0.0,0.0,0.0,1.0,1,0,0,0,1
10408.0,0.0,259.0,360.0,1.0,0.0,0.0,0.0,1.0,0,0,0,0,1
9166.0,0.0,244.0,360.0,1.0,0.0,0.0,0.0,1.0,1,0,0,0,0
10000.0,0.0,214.0,360.0,1.0,0.0,0.0,1.0,0.0,0,0,0,0,0
1977.0,997.0,50.0,360.0,1.0,0.0,0.0,1.0,0.0,1,1,0,0,1
2876.0,1560.0,90.0,360.0,1.0,1.0,0.0,0.0,1.0,0,0,0,0,1
4583.0,1508.0,128.0,360.0,1.0,1.0,1.0,0.0,0.0,1,1,0,0,0
3033.0,1459.0,95.0,360.0,1.0,0.0,0.0,0.0,1.0,1,1,0,0,1
1963.0,0.0,53.0,360.0,1.0,0.0,0.0,1.0,0.0,0,0,1,0,1
2165.0,0.0,70.0,360.0,1.0,0.0,0.0,1.0,0.0,0,0,1,0,1
4695.0,0.0,96.0,360.0,1.0,0.0,0.0,0.0,1.0,1,1,1,1,1
3775.0,0.0,110.0,360.0,1.0,0.0,0.0,1.0,0.0,1,1,0,0,1
9167.0,0.0,185.0,360.0,1.0,3.0,1.0,0.0,0.0,1,0,0,0,1
7451.0,0.0,128.0,360.0,1.0,1.0,0.0,1.0,0.0,0,0,0,1,1
5500.0,1260.0,170.0,360.0,1.0,1.0,1.0,0.0,0.0,1,1,0,0,1
7667.0,0.0,185.0,360.0,1.0,2.0,1.0,0.0,0.0,1,1,1,0,1
2500.0,0.0,55.0,360.0,1.0,0.0,0.0,1.0,0.0,1,0,0,0,1
2718.0,0.0,70.0,360.0,1.0,0.0,0.0,1.0,0.0,1,0,0,0,1
5007.03932766653,669.104444859894,50.39828785451385,352.3997647583894,0.2142768784994111,0.16247608908627462,0.02656666352548836,0.0012020822168249533,0.054942861205298545,0,0,1,1,0
2221.0,0.0,60.0,360.0,0.0,0.0,0.0,0.0,1.0,1,1,0,0,0
4200.0,1430.0,129.0,360.0,1.0,2.0,1.0,0.0,0.0,1,1,1,0,0
3692.0,0.0,93.0,360.0,1.0,0.0,1.0,0.0,0.0,0,0,0,0,1
3598.0,1287.0,100.0,360.0,1.0,0.0,1.0,0.0,0.0,1,0,1,0,0
3427.0,0.0,138.0,360.0,1.0,2.0,0.0,0.0,1.0,0,0,0,0,0
2720.0,0.0,80.0,360.0,0.0,0.0,0.0,0.0,1.0,0,0,1,0,0
2717.0,0.0,60.0,180.0,1.0,0.0,0.0,0.0,1.0,1,0,1,0,1
2378.0,0.0,46.0,360.0,1.0,0.0,1.0,0.0,0.0,0,0,0,0,0
9538.0,0.0,187.0,360.0,1.0,1.0,0.0,0.0,1.0,1,1,0,0,1
2213.0,0.0,66.0,360.0,1.0,0.0,1.0,0.0,0.0,0,0,1,0,1
3418.0,0.0,135.0,360.0,1.0,0.0,1.0,0.0,0.0,0,0,0,2,0
3017.0,663.0,102.0,360.0,1.0,0.0,0.0,1.0,0.0,0,1,1,0,1
3691.0,0.0,110.0,360.0,1.0,0.0,1.0,0.0,0.0,1,0,1,0,1
3159.0,0.0,100.0,360.0,1.0,0.0,0.0,1.0,0.0,0,0,0,0,1
5185.0,0.0,155.0,360.0,1.0,2.0,0.0,1.0,0.0,1,1,0,0,1
11757.0,0.0,187.0,180.0,1.0,2.0,0.0,0.0,1.0,1,1,0,0,1
7100.0,0.0,125.0,60.0,1.0,3.0,0.0,0.0,1.0,1,1,1,1,1
3276.0,484.0,135.0,360.0,1.0,2.0,0.0,1.0,0.0,1,1,0,0,1
6400.0,0.0,200.0,360.0,1.0,0.0,1.0,0.0,0.0,1,0,0,1,1
2213.0,1125.0,128.0,360.0,1.0,0.0,0.0,0.0,1.0,1,1,0,0,1
5050.0,0.0,118.0,360.0,1.0,0.0,0.0,1.0,0.0,1,0,0,2,1
2507.0,0.0,56.0,360.0,1.0,0.0,1.0,0.0,0.0,0,0,0,0,1
9560.0,0.0,191.0,360.0,1.0,0.0,0.0,1.0,0.0,1,1,0,1,1
4342.0,189.0,124.0,360.0,1.0,3.0,0.0,1.0,0.0,1,1,0,0,1
2935.0,0.0,98.0,360.0,1.0,0.0,0.0,1.0,0.0,1,0,0,0,1
6096.0,0.0,218.0,360.0,0.0,0.0,1.0,0.0,0.0,1,1,1,0,0
2000.0,0.0,128.0,360.0,1.0,0.0,0.0,0.0,1.0,1,0,1,0,0
5333.0,1131.0,186.0,360.0,1.0,1.0,0.0,0.0,1.0,1,1,1,0,1
7441.0,0.0,194.0,360.0,1.0,0.0,1.0,0.0,0.0,0,0,0,1,0
6383.0,1000.0,187.0,360.0,1.0,2.0,1.0,0.0,0.0,1,1,1,1,0
14583.0,0.0,185.0,180.0,1.0,1.0,1.0,0.0,0.0,1,1,0,0,1
6000.0,0.0,160.0,360.0,1.0,1.0,1.0,0.0,0.0,1,1,0,0,1
4226.0,1040.0,110.0,360.0,1.0,2.0,0.0,0.0,1.0,1,1,1,0,1
2755.0,0.0,65.0,300.0,1.0,0.0,1.0,0.0,0.0,1,0,1,0,0
3762.0,1666.0,135.0,360.0,1.0,0.0,1.0,0.0,0.0,0,0,0,0,1
5285.0,1430.0,161.0,360.0,0.0,1.0,0.0,1.0,0.0,1,1,1,0,1
2423.0,505.0,130.0,360.0,1.0,0.0,0.0,1.0,0.0,0,1,0,0,1
8000.0,0.0,200.0,360.0,1.0,2.0,0.0,1.0,0.0,1,1,0,0,1
2957.0,0.0,81.0,360.0,1.0,2.0,0.0,1.0,0.0,1,1,0,0,1
3917.0,0.0,124.0,360.0,1.0,2.0,0.0,1.0,0.0,1,1,1,0,1
5191.0,0.0,132.0,360.0,1.0,1.0,0.0,1.0,0.0,0,0,1,2,1
3173.0,0.0,74.0,360.0,1.0,3.0,0.0,1.0,0.0,1,1,1,0,1
16120.0,0.0,260.0,360.0,1.0,0.0,0.0,0.0,1.0,1,1,0,1,1
6875.0,0.0,200.0,360.0,1.0,1.0,0.0,1.0,0.0,1,1,0,0,1
12876.0,0.0,405.0,360.0,1.0,0.0,0.0,1.0,0.0,1,0,0,2,1
17263.0,0.0,225.0,360.0,1.0,0.0,0.0,1.0,0.0,0,0,1,1,1
4566.0,0.0,100.0,360.0,1.0,2.0,0.0,0.0,1.0,1,1,0,0,0
4281.0,0.0,100.0,360.0,1.0,3.0,0.0,0.0,1.0,1,1,0,0,1
5000.0,0.0,72.0,360.0,0.0,2.0,0.0,1.0,0.0,1,1,0,2,0
2947.0,1603.0,128.0,360.0,1.0,2.0,0.0,0.0,1.0,1,1,0,0,0
4923.0,0.0,166.0,360.0,0.0,2.0,0.0,1.0,0.0,1,0,0,0,1
3155.0,1779.0,140.0,360.0,1.0,1.0,0.0,1.0,0.0,1,1,0,0,1
4831.268158513647,659.2746245547924,90.81714173413846,130.52284991594746,0.9701374058392437,2.7960318428462085,0.8880050870181426,0.9404720056541752,0.9612184136846091,1,1,1,1,0
6540.0,0.0,205.0,360.0,1.0,2.0,0.0,1.0,0.0,1,1,0,0,1
3463.0,0.0,122.0,360.0,1.0,0.0,0.0,0.0,1.0,0,0,0,1,1
3547.0,0.0,80.0,360.0,0.0,2.0,1.0,0.0,0.0,1,0,0,0,0
11250.0,0.0,196.0,360.0,1.0,1.0,0.0,1.0,0.0,1,0,0,0,0
4931.0,0.0,128.0,360.0,1.0,3.0,0.0,1.0,0.0,1,1,1,0,0
16250.0,0.0,192.0,360.0,0.0,0.0,0.0,0.0,1.0,1,0,0,1,0
5746.0,0.0,144.0,84.0,1.0,2.0,1.0,0.0,0.0,1,1,0,1,1
2214.0,1398.0,85.0,360.0,1.0,1.0,0.0,0.0,1.0,1,1,0,0,1
1538.0,1425.0,30.0,360.0,1.0,1.0,0.0,0.0,1.0,1,1,0,0,1
8333.0,0.0,246.0,360.0,1.0,2.0,0.0,1.0,0.0,1,1,0,0,1
15000.0,0.0,300.0,360.0,1.0,3.0,1.0,0.0,0.0,1,1,0,0,1
9504.0,0.0,275.0,360.0,1.0,3.0,1.0,0.0,0.0,1,1,0,0,1
3812.0,0.0,112.0,360.0,1.0,1.0,1.0,0.0,0.0,0,0,0,0,1
5500.0,0.0,105.0,360.0,0.0,0.0,1.0,0.0,0.0,0,1,0,1,0
3601.0,1590.0,128.0,360.0,1.0,2.0,1.0,0.0,0.0,1,1,1,0,1
2647.0,1587.0,173.0,360.0,1.0,3.0,1.0,0.0,0.0,1,1,1,0,0
2889.0,0.0,45.0,180.0,0.0,2.0,0.0,0.0,1.0,1,1,1,0,0
5395.814340363653,89.46738713496906,95.98571818604512,360.6083086320159,0.9762397841531134,0.9586405601811572,0.0383299305102958,0.8407442728984187,0.9099118601048718,0,0,0,0,0
8445.156147167992,202.4160483155215,211.2325100943576,282.8120783396603,0.17838404801953014,1.8884698818759145,0.9791510431436824,0.9329105700346914,0.03195859127754229,0,0,1,0,1
4691.0,0.0,100.0,360.0,1.0,3.0,0.0,1.0,0.0,1,1,0,0,1
3100.0,1400.0,113.0,360.0,1.0,2.0,0.0,0.0,1.0,1,1,0,0,1
3750.0,0.0,116.0,360.0,1.0,1.0,0.0,1.0,0.0,1,1,0,0,1
8072.0,240.0,253.0,360.0,1.0,1.0,0.0,0.0,1.0,1,1,0,0,1
10750.0,0.0,312.0,360.0,1.0,1.0,0.0,0.0,1.0,1,1,0,0,1
5780.0,0.0,192.0,360.0,1.0,2.0,0.0,0.0,1.0,1,1,0,0,1
33846.0,0.0,260.0,360.0,1.0,1.0,0.0,1.0,0.0,1,1,0,0,0
5746.0,0.0,255.0,360.0,1.0,0.0,0.0,0.0,1.0,1,1,0,2,0
5250.0,0.0,94.0,360.0,1.0,3.0,0.0,0.0,1.0,1,1,0,0,0
2600.0,0.0,160.0,360.0,1.0,1.0,0.0,0.0,1.0,0,0,0,0,0
3522.0,0.0,81.0,180.0,1.0,3.0,1.0,0.0,0.0,1,1,1,0,0
3052.0,1030.0,100.0,360.0,1.0,1.0,0.0,0.0,1.0,1,1,0,0,1
3541.0,0.0,112.0,360.0,1.0,1.0,0.0,1.0,0.0,0,0,0,0,1
3859.0,0.0,96.0,360.0,1.0,2.0,0.0,1.0,0.0,1,1,0,0,1
3089.0,1280.0,121.0,360.0,0.0,1.0,0.0,1.0,0.0,1,1,0,0,0
3399.0,1640.0,111.0,180.0,1.0,1.0,0.0,0.0,1.0,1,1,1,0,1
5250.0,688.0,160.0,360.0,1.0,1.0,1.0,0.0,0.0,1,1,0,2,1
8799.0,0.0,258.0,360.0,0.0,2.0,0.0,0.0,1.0,1,1,0,0,0
2297.0,1522.0,104.0,360.0,1.0,0.0,0.0,0.0,1.0,1,1,0,0,1
3727.0,1775.0,131.0,360.0,1.0,0.0,0.0,1.0,0.0,1,1,0,0,1
3717.0,0.0,120.0,360.0,1.0,2.0,0.0,1.0,0.0,1,1,0,0,1
4416.0,1250.0,110.0,360.0,1.0,3.0,0.0,0.0,1.0,1,1,0,2,1
3596.0,0.0,100.0,240.0,1.0,1.0,0.0,0.0,1.0,1,0,1,0,1
17500.0,0.0,400.0,360.0,1.0,2.0,1.0,0.0,0.0,1,1,0,1,1
10139.0,0.0,260.0,360.0,1.0,3.0,0.0,1.0,0.0,1,1,0,1,1
3340.0,1710.0,150.0,360.0,0.0,2.0,1.0,0.0,0.0,1,1,0,0,0
1863.0,1041.0,98.0,360.0,1.0,0.0,0.0,1.0,0.0,1,1,1,0,1
2132.0,1591.0,96.0,360.0,1.0,0.0,0.0,1.0,0.0,1,1,0,0,1
4333.0,1811.0,160.0,360.0,0.0,3.0,0.0,0.0,1.0,1,1,0,0,1
1828.0,1330.0,100.0,360.0,0.0,0.0,0.0,0.0,1.0,1,1,0,0,0
1811.0,1666.0,54.0,360.0,1.0,0.0,0.0,0.0,1.0,0,0,0,0,1
2500.0,0.0,96.0,480.0,1.0,0.0,0.0,1.0,0.0,1,0,0,0,0
6338.398506314015,222.19541591793316,201.8448741623689,153.99286432077326,0.09370738354741791,1.0039058558384237,0.9291532833401155,0.010124066566107887,0.9665519768897652,0,1,0,1,0
1299.0,1086.0,17.0,120.0,1.0,2.0,0.0,0.0,1.0,1,1,0,0,1
10641.72836711521,864.1225970977039,426.3517690900061,477.1710050679616,0.27905764120340376,1.186411947413092,0.012248752206300988,0.04345889470812324,0.0796567599013121,0,0,1,2,0
4246.610527044184,28.832579386073107,229.744104830131,359.220714895296,0.062135504980995494,2.419427628038867,0.8629141808737787,0.031116851414812942,0.04965188120507882,0,0,0,1,0
2138.0,0.0,99.0,360.0,0.0,0.0,0.0,1.0,0.0,0,0,0,0,0
3617.0,0.0,107.0,360.0,1.0,2.0,0.0,1.0,0.0,1,0,0,0,1
3500.0,1667.0,114.0,360.0,1.0,0.0,0.0,1.0,0.0,1,1,0,0,1
4692.0,0.0,106.0,360.0,1.0,1.0,1.0,0.0,0.0,1,0,0,1,0
3083.0,0.0,255.0,360.0,1.0,3.0,1.0,0.0,0.0,0,0,0,0,1
4288.0,3263.0,133.0,180.0,1.0,2.0,0.0,0.0,1.0,1,1,1,0,1
3029.0,0.0,99.0,360.0,1.0,3.0,0.0,0.0,1.0,1,1,0,0,1
4707.0,1993.0,148.0,360.0,1.0,3.0,0.0,1.0,0.0,1,0,1,0,1
6000.0,0.0,205.0,240.0,1.0,2.0,0.0,1.0,0.0,1,1,0,1,0
2301.0,985.7999878,78.0,180.0,1.0,2.0,0.0,0.0,1.0,1,1,0,0,1
1928.0,1644.0,100.0,360.0,1.0,0.0,0.0,1.0,0.0,0,1,1,0,1
11500.0,0.0,286.0,360.0,0.0,1.0,0.0,0.0,1.0,0,1,0,1,0
2947.0,1664.0,70.0,180.0,0.0,3.0,0.0,0.0,1.0,1,1,1,0,0
3283.0,2035.0,148.0,360.0,1.0,2.0,0.0,0.0,1.0,1,1,0,0,1
5677.0,1424.0,100.0,360.0,1.0,3.0,1.0,0.0,0.0,1,1,0,1,1
3417.0,1750.0,186.0,360.0,1.0,1.0,0.0,0.0,1.0,1,1,0,0,1
4652.0,3583.0,128.0,360.0,1.0,0.0,0.0,1.0,0.0,1,1,0,0,1
2764.0,1459.0,110.0,360.0,1.0,0.0,0.0,0.0,1.0,0,0,0,2,1
3159.0,461.0,108.0,84.0,1.0,2.0,0.0,0.0,1.0,1,1,0,0,1
3466.0,1210.0,130.0,360.0,1.0,1.0,1.0,0.0,0.0,1,1,0,1,1
3326.0,913.0,105.0,84.0,1.0,1.0,0.0,1.0,0.0,0,1,0,0,1
2500.0,0.0,93.0,360.0,1.0,0.0,0.0,0.0,1.0,0,0,0,1,1
5473.473286057385,84.53714564921822,463.7094647112329,359.1166541726606,0.9895911855509149,1.1657509354785818,0.046943561862231954,0.8119583200795116,0.9409297480495155,0,1,1,1,0
4608.0,2845.0,140.0,180.0,1.0,1.0,0.0,1.0,0.0,0,1,0,0,1
3948.0,1733.0,149.0,360.0,0.0,0.0,1.0,0.0,0.0,1,1,0,0,0
4680.0,2087.0,128.0,360.0,1.0,0.0,0.0,1.0,0.0,1,0,0,0,0
2031.0,1632.0,113.0,480.0,1.0,2.0,0.0,1.0,0.0,0,1,0,0,1
3941.0,2336.0,134.0,360.0,1.0,0.0,0.0,1.0,0.0,1,1,0,0,1
3357.0,2859.0,144.0,360.0,1.0,2.0,0.0,0.0,1.0,1,1,1,0,1
4000.0,2275.0,144.0,360.0,1.0,0.0,0.0,1.0,0.0,0,0,0,0,1
3173.0,3021.0,137.0,360.0,1.0,0.0,0.0,0.0,1.0,1,1,0,0,1
3273.0,1820.0,81.0,360.0,1.0,2.0,0.0,0.0,1.0,1,1,1,0,1
3000.0,1666.0,100.0,480.0,0.0,0.0,0.0,0.0,1.0,1,1,1,0,0
2882.0,1843.0,123.0,480.0,1.0,1.0,0.0,1.0,0.0,1,1,0,0,1
2178.0,0.0,66.0,300.0,0.0,1.0,1.0,0.0,0.0,1,1,0,1,0
3588.0,0.0,110.0,360.0,0.0,2.0,1.0,0.0,0.0,1,0,0,0,0
6250.0,1695.0,210.0,360.0,1.0,2.0,0.0,1.0,0.0,1,1,0,0,1
1993.0,1625.0,113.0,180.0,1.0,2.0,0.0,1.0,0.0,1,1,1,0,1
4283.0,2383.0,127.0,360.0,1.0,2.0,0.0,1.0,0.0,0,1,0,0,1
2971.0,2791.0,144.0,360.0,1.0,0.0,0.0,1.0,0.0,1,0,0,0,1
3652.0,0.0,95.0,360.0,1.0,1.0,0.0,1.0,0.0,0,0,0,2,1
4384.0,1793.0,117.0,360.0,1.0,1.0,0.0,0.0,1.0,1,0,0,0,1
4750.0,2333.0,130.0,360.0,1.0,0.0,0.0,0.0,1.0,1,1,0,0,1
16667.0,2250.0,86.0,360.0,1.0,1.0,0.0,1.0,0.0,1,1,0,1,1
2653.0,1500.0,113.0,180.0,0.0,1.0,1.0,0.0,0.0,1,1,1,0,0
2309.0,1255.0,125.0,360.0,0.0,2.0,1.0,0.0,0.0,1,1,1,0,0
3083.0,2168.0,126.0,360.0,1.0,2.0,0.0,0.0,1.0,1,1,1,0,1
10000.0,1666.0,225.0,360.0,1.0,0.0,1.0,0.0,0.0,0,0,0,0,0
3902.0,1666.0,109.0,360.0,1.0,0.0,1.0,0.0,0.0,1,0,1,0,1
2510.0,1983.0,140.0,180.0,1.0,1.0,0.0,0.0,1.0,1,1,1,0,0
2895.0,0.0,95.0,360.0,1.0,1.0,0.0,1.0,0.0,1,1,0,1,1
2281.0,0.0,113.0,360.0,1.0,2.0,1.0,0.0,0.0,1,1,1,0,0
3406.0,4417.0,123.0,360.0,1.0,0.0,0.0,1.0,0.0,1,1,1,0,1
3010.0,3136.0,128.0,360.0,0.0,0.0,0.0,0.0,1.0,1,1,1,0,0
5266.0,1774.0,187.0,360.0,1.0,3.0,0.0,1.0,0.0,1,1,0,1,1
8750.0,4996.0,130.0,360.0,1.0,3.0,1.0,0.0,0.0,1,1,0,0,1
2045.0,1619.0,101.0,360.0,1.0,2.0,1.0,0.0,0.0,1,1,0,0,1
3200.0,2254.0,126.0,180.0,0.0,0.0,0.0,0.0,1.0,1,0,1,0,0
2239.0,2524.0,128.0,360.0,1.0,1.0,0.0,0.0,1.0,1,1,1,0,1
2275.0,2067.0,128.0,360.0,1.0,0.0,0.0,0.0,1.0,1,1,0,0,1
2071.0,754.0,94.0,480.0,1.0,3.0,0.0,1.0,0.0,1,1,1,0,1
2333.0,2417.0,136.0,360.0,1.0,0.0,0.0,0.0,1.0,1,1,0,0,1
1759.0,3541.0,131.0,360.0,1.0,0.0,0.0,1.0,0.0,1,1,0,0,1
2366.0,2531.0,136.0,360.0,1.0,0.0,0.0,1.0,0.0,1,0,0,0,1
2060.0,2209.0,134.0,360.0,1.0,0.0,0.0,1.0,0.0,1,0,0,0,1
2083.0,3150.0,128.0,360.0,1.0,0.0,0.0,1.0,0.0,1,1,0,0,1
2799.0,2253.0,122.0,360.0,1.0,0.0,0.0,1.0,0.0,1,1,0,0,1
2425.0,2340.0,143.0,360.0,1.0,0.0,0.0,1.0,0.0,1,1,0,0,1
2484.0,2302.0,137.0,360.0,1.0,0.0,0.0,1.0,0.0,0,1,0,0,1
3000.0,3416.0,56.0,180.0,1.0,0.0,0.0,1.0,0.0,1,1,0,0,1
8333.0,3167.0,165.0,360.0,1.0,2.0,1.0,0.0,0.0,1,1,0,0,1
2833.0,1857.0,126.0,360.0,1.0,0.0,1.0,0.0,0.0,1,0,0,0,1
4683.0,1915.0,185.0,360.0,1.0,0.0,0.0,1.0,0.0,1,0,0,0,0
4000.0,2500.0,140.0,360.0,1.0,0.0,1.0,0.0,0.0,1,0,0,0,1
4050.0,5302.0,138.0,360.0,1.0,1.0,1.0,0.0,0.0,1,1,1,0,0
3859.0,3300.0,142.0,180.0,1.0,0.0,1.0,0.0,0.0,1,1,0,0,1
2726.0,0.0,106.0,360.0,0.0,2.0,0.0,1.0,0.0,1,1,0,1,0
3333.0,3250.0,158.0,360.0,1.0,1.0,0.0,0.0,1.0,1,1,0,0,1
3075.0,2416.0,139.0,360.0,1.0,0.0,1.0,0.0,0.0,1,1,0,0,1
2192.0,1742.0,45.0,360.0,1.0,2.0,0.0,1.0,0.0,1,1,1,0,1
3366.0,2200.0,135.0,360.0,1.0,0.0,1.0,0.0,0.0,1,1,0,0,0
3400.0,2500.0,173.0,360.0,1.0,1.0,0.0,1.0,0.0,1,1,0,0,1
2014.0,1929.0,74.0,360.0,1.0,0.0,0.0,0.0,1.0,1,0,0,0,1
2600.0,1700.0,107.0,360.0,1.0,0.0,1.0,0.0,0.0,1,1,1,0,1
3708.0,2569.0,173.0,360.0,1.0,0.0,0.0,0.0,1.0,1,1,0,0,0
4333.0,2451.0,110.0,360.0,1.0,0.0,0.0,0.0,1.0,1,1,0,0,0
4333.0,2451.0,110.0,360.0,1.0,0.0,0.0,0.0,1.0,0,1,0,0,0
3316.0,3500.0,88.0,360.0,1.0,2.0,0.0,0.0,1.0,1,1,0,1,1
3036.0,2504.0,158.0,360.0,0.0,3.0,0.0,1.0,0.0,1,1,0,0,0
4180.0,2306.0,182.0,360.0,1.0,0.0,0.0,1.0,0.0,0,1,0,0,1
3167.0,2283.0,154.0,360.0,1.0,0.0,0.0,1.0,0.0,0,1,0,0,1
3466.0,3428.0,150.0,360.0,1.0,3.0,1.0,0.0,0.0,1,1,0,0,1
2383.0,3334.0,172.0,360.0,1.0,0.0,0.0,1.0,0.0,1,1,0,0,1
3975.0,2531.0,55.0,360.0,1.0,0.0,1.0,0.0,0.0,1,0,1,0,1
6250.0,5654.0,188.0,180.0,1.0,2.0,0.0,1.0,0.0,1,1,0,0,1
1809.0,1868.0,90.0,360.0,1.0,0.0,0.0,0.0,1.0,1,1,0,0,1
4583.0,2083.0,160.0,360.0,1.0,2.0,0.0,1.0,0.0,1,1,0,1,1
8080.0,2250.0,180.0,360.0,1.0,1.0,0.0,0.0,1.0,1,1,0,0,1
5695.0,4167.0,175.0,360.0,1.0,0.0,0.0,1.0,0.0,1,1,0,0,1
3963.6663133519137,4589.956838922227,38.80812473826286,357.5447725852746,0.9789088526087357,1.991275932387851,0.9129522124669077,0.925367853392199,0.9591048611943569,0,0,0,0,0
2058.0,2134.0,88.0,360.0,1.0,0.0,0.0,0.0,1.0,1,1,0,0,1
2787.0,1917.0,146.0,360.0,0.0,1.0,1.0,0.0,0.0,1,1,0,0,0
2499.0,2458.0,160.0,360.0,1.0,0.0,0.0,1.0,0.0,1,1,0,0,1
1926.0,1851.0,50.0,360.0,1.0,0.0,0.0,1.0,0.0,1,0,0,0,1
3229.0,2739.0,110.0,360.0,1.0,0.0,0.0,0.0,1.0,1,0,0,0,1
3062.0,1987.0,111.0,180.0,0.0,1.0,0.0,0.0,1.0,1,0,0,0,0
2965.0,5701.0,155.0,60.0,1.0,0.0,0.0,0.0,1.0,1,0,0,0,1
1625.0,1803.0,96.0,360.0,1.0,1.0,0.0,0.0,1.0,1,1,0,0,1
2768.0,1950.0,155.0,360.0,1.0,0.0,1.0,0.0,0.0,1,1,0,0,1
1820.0,1719.0,100.0,360.0,1.0,0.0,0.0,0.0,1.0,1,1,0,0,1
2600.0,2500.0,90.0,360.0,1.0,1.0,0.0,1.0,0.0,1,1,1,0,1
4636.237420328118,4725.56260011023,19.809912377996767,362.9188418464777,0.9925327259484945,2.9598986376199314,0.024129775234159857,0.035787012373798784,0.09639682000757487,0,0,0,1,0
3015.0,2188.0,153.0,360.0,1.0,0.0,1.0,0.0,0.0,1,1,0,0,1
3166.0,2064.0,104.0,360.0,0.0,0.0,0.0,0.0,1.0,1,1,0,0,0
5568.0,2142.0,175.0,360.0,1.0,0.0,1.0,0.0,0.0,1,1,0,0,0
3013.0,3033.0,95.0,300.0,1.0,0.0,0.0,0.0,1.0,1,1,0,0,1
6065.0,2004.0,250.0,360.0,1.0,1.0,0.0,1.0,0.0,1,1,0,0,1
3593.0,4266.0,132.0,180.0,0.0,0.0,1.0,0.0,0.0,1,1,0,0,0
1500.0,1800.0,103.0,360.0,0.0,0.0,0.0,1.0,0.0,0,0,0,0,0
10513.0,3850.0,160.0,180.0,0.0,1.0,0.0,0.0,1.0,1,1,0,1,0
3450.0,2079.0,162.0,360.0,1.0,1.0,0.0,1.0,0.0,1,1,0,1,1
3497.0,1964.0,116.0,360.0,1.0,0.0,1.0,0.0,0.0,1,1,0,0,1
4166.0,7210.0,184.0,360.0,1.0,0.0,0.0,0.0,1.0,1,0,0,0,1
3704.0,2000.0,120.0,360.0,1.0,0.0,1.0,0.0,0.0,1,1,0,0,1
6400.0,7250.0,180.0,360.0,0.0,1.0,0.0,0.0,1.0,1,1,0,0,0
3660.0,5064.0,187.0,360.0,1.0,0.0,0.0,1.0,0.0,1,0,0,0,1
2014.0,2925.0,113.0,360.0,1.0,1.0,0.0,0.0,1.0,1,1,0,0,0
5167.0,3167.0,200.0,360.0,1.0,3.0,0.0,1.0,0.0,1,1,0,0,1
2439.0,3333.0,129.0,360.0,1.0,0.0,1.0,0.0,0.0,1,1,0,0,1
3132.2354590811547,7961.412852357307,136.48480779370016,360.9097804577011,0.9449948365354575,0.03469989478568535,0.8194624799014265,0.8556905132452755,0.03406120705806599,0,1,0,1,0
2583.0,2115.0,120.0,360.0,1.0,0.0,0.0,0.0,1.0,1,1,0,0,1
2167.0,2400.0,115.0,360.0,1.0,0.0,0.0,0.0,1.0,1,1,1,0,1
2149.0,3237.0,178.0,360.0,0.0,0.0,0.0,1.0,0.0,0,1,1,0,0
1907.0,2365.0,120.0,360.0,1.0,0.0,0.0,0.0,1.0,0,0,1,0,1
5708.0,5625.0,187.0,360.0,1.0,0.0,0.0,1.0,0.0,1,1,0,0,1
2583.0,2358.0,120.0,360.0,1.0,0.0,0.0,0.0,1.0,1,1,1,0,1
3073.0,8106.0,200.0,360.0,1.0,2.0,0.0,0.0,1.0,1,1,0,0,1
5818.0,2160.0,184.0,360.0,1.0,0.0,0.0,1.0,0.0,1,1,0,1,1
2750.0,1842.0,115.0,360.0,1.0,1.0,0.0,1.0,0.0,1,1,0,0,1
3182.0,2917.0,161.0,360.0,1.0,0.0,0.0,0.0,1.0,1,0,0,2,1
2400.0,2167.0,115.0,360.0,1.0,0.0,0.0,1.0,0.0,1,1,0,0,1
3993.0,3274.0,207.0,360.0,1.0,0.0,0.0,1.0,0.0,1,1,0,0,1
4095.0,3447.0,151.0,360.0,1.0,0.0,1.0,0.0,0.0,1,0,0,0,1
2645.0,3440.0,120.0,360.0,0.0,0.0,0.0,0.0,1.0,0,1,0,0,0
2454.0,2333.0,181.0,360.0,0.0,0.0,0.0,0.0,1.0,1,1,1,0,0
3189.0,2598.0,120.0,360.0,1.0,0.0,1.0,0.0,0.0,1,0,1,0,1
5000.0,3667.0,236.0,360.0,1.0,2.0,0.0,1.0,0.0,1,1,0,0,1
4300.0,2014.0,194.0,360.0,1.0,0.0,1.0,0.0,0.0,1,1,1,0,1
2600.0,1911.0,116.0,360.0,0.0,0.0,0.0,1.0,0.0,1,1,1,0,0
3232.0,1950.0,108.0,360.0,1.0,0.0,1.0,0.0,0.0,1,1,0,0,1
2130.0,6666.0,70.0,180.0,1.0,0.0,0.0,1.0,0.0,1,1,0,0,0
3597.0,2157.0,119.0,360.0,0.0,0.0,1.0,0.0,0.0,1,1,0,0,0
2286.8082268400785,3971.363647347953,53.933030978871855,363.5572655048016,0.13510684051712174,1.0934265122259261,0.028898484599508462,0.027402552939595547,0.013056576190958617,0,0,0,0,0
5532.0,4648.0,162.0,360.0,1.0,2.0,1.0,0.0,0.0,1,0,0,0,1
3800.0,3600.0,216.0,360.0,0.0,2.0,0.0,0.0,1.0,1,1,0,0,0
6080.0,2569.0,182.0,360.0,1.0,0.0,1.0,0.0,0.0,1,1,0,0,0
5000.0,2541.0,151.0,480.0,1.0,0.0,1.0,0.0,0.0,0,0,0,0,0
2479.0,3013.0,188.0,360.0,1.0,0.0,0.0,0.0,1.0,1,1,0,1,1
8333.0,3750.0,187.0,360.0,1.0,0.0,1.0,0.0,0.0,1,0,0,0,1
6333.0,4583.0,259.0,360.0,1.0,0.0,0.0,1.0,0.0,1,1,0,0,1
2491.0,2054.0,104.0,360.0,1.0,1.0,0.0,1.0,0.0,1,1,0,0,1
6083.0,4250.0,330.0,360.0,1.0,1.0,0.0,0.0,1.0,1,1,0,0,1
4583.0,5625.0,255.0,360.0,1.0,0.0,0.0,1.0,0.0,1,1,0,0,1
6133.0,3906.0,324.0,360.0,1.0,0.0,0.0,0.0,1.0,1,1,0,0,1
2500.0,2118.0,104.0,360.0,1.0,0.0,0.0,1.0,0.0,1,1,0,0,1
2699.0,2785.0,96.0,360.0,1.0,0.0,0.0,1.0,0.0,1,0,1,0,1
3707.0,3166.0,182.0,360.0,1.0,0.0,1.0,0.0,0.0,1,1,0,0,1
1820.0,1769.0,95.0,360.0,1.0,0.0,1.0,0.0,0.0,1,1,1,2,1
1800.0,2934.0,93.0,360.0,0.0,0.0,0.0,0.0,1.0,1,1,1,0,0
6050.0,4333.0,120.0,180.0,1.0,0.0,0.0,0.0,1.0,1,0,0,1,0
2600.0,3500.0,115.0,360.0,1.0,0.0,0.0,0.0,1.0,1,1,0,2,1
5955.0,5625.0,315.0,360.0,1.0,1.0,0.0,0.0,1.0,1,1,0,0,1
5726.0,4595.0,258.0,360.0,1.0,0.0,0.0,1.0,0.0,1,1,0,0,0
1875.0,1875.0,97.0,360.0,1.0,2.0,0.0,1.0,0.0,1,1,1,1,1
2330.0,4486.0,100.0,360.0,1.0,0.0,0.0,1.0,0.0,0,1,0,0,1
14683.0,2100.0,304.0,360.0,1.0,0.0,1.0,0.0,0.0,1,1,0,0,0
2550.0,2042.0,126.0,360.0,1.0,0.0,1.0,0.0,0.0,1,0,1,2,1
2407.7578606776633,5716.235802203898,87.92990975672751,356.4328346703783,0.9605425826290515,0.11163458974310919,0.013328510153186604,0.8924334663008052,0.020838372426769586,0,1,1,1,0
1916.0,5063.0,67.0,360.0,1.0,0.0,1.0,0.0,0.0,1,0,0,0,0
12500.0,3000.0,320.0,360.0,1.0,3.0,1.0,0.0,0.0,1,0,0,0,0
1853.0,2840.0,114.0,360.0,1.0,0.0,1.0,0.0,0.0,1,0,0,0,0
5923.0,2054.0,211.0,360.0,1.0,0.0,1.0,0.0,0.0,1,1,0,0,1
5417.0,4196.0,267.0,360.0,1.0,2.0,0.0,0.0,1.0,1,1,0,1,1
3510.0,4416.0,243.0,360.0,1.0,2.0,1.0,0.0,0.0,1,1,0,0,1
2625.0,6250.0,187.0,360.0,1.0,0.0,1.0,0.0,0.0,1,1,0,0,1
5815.0,3666.0,311.0,360.0,1.0,0.0,1.0,0.0,0.0,1,0,0,0,0
2253.0,2033.0,110.0,360.0,1.0,0.0,1.0,0.0,0.0,1,1,1,0,1
2666.0,2083.0,95.0,360.0,1.0,3.0,1.0,0.0,0.0,1,1,0,0,1
2609.0,3449.0,165.0,180.0,0.0,0.0,1.0,0.0,0.0,1,1,1,1,0
8750.0,4167.0,308.0,360.0,1.0,0.0,1.0,0.0,0.0,1,0,0,0,0
2583.0,2167.0,104.0,360.0,1.0,0.0,1.0,0.0,0.0,1,0,1,1,1
2500.0,4600.0,176.0,360.0,1.0,2.0,1.0,0.0,0.0,1,1,0,1,1
6283.0,4416.0,209.0,360.0,0.0,0.0,1.0,0.0,0.0,1,0,0,0,0
8666.0,4983.0,376.0,360.0,0.0,1.0,1.0,0.0,0.0,1,1,0,1,0
